{
  "timestamp": "2025-08-23T23:16:45.697623",
  "features_shape": [
    100,
    10
  ],
  "labels_shape": [
    100
  ],
  "features_columns": [
    "feature_0",
    "feature_1",
    "feature_2",
    "feature_3",
    "feature_4",
    "feature_5",
    "feature_6",
    "feature_7",
    "feature_8",
    "feature_9"
  ],
  "features_dtypes": {
    "feature_0": "float64",
    "feature_1": "float64",
    "feature_2": "float64",
    "feature_3": "float64",
    "feature_4": "float64",
    "feature_5": "float64",
    "feature_6": "float64",
    "feature_7": "float64",
    "feature_8": "float64",
    "feature_9": "float64"
  },
  "features_null_counts": {
    "feature_0": 0,
    "feature_1": 0,
    "feature_2": 0,
    "feature_3": 0,
    "feature_4": 0,
    "feature_5": 0,
    "feature_6": 0,
    "feature_7": 0,
    "feature_8": 0,
    "feature_9": 0
  },
  "features_unique_counts": {
    "feature_0": 100,
    "feature_1": 100,
    "feature_2": 100,
    "feature_3": 100,
    "feature_4": 100,
    "feature_5": 100,
    "feature_6": 100,
    "feature_7": 100,
    "feature_8": 100,
    "feature_9": 100
  },
  "features_stats": {
    "min": {
      "feature_0": 0.0026439354055479702,
      "feature_1": 0.001855965616237798,
      "feature_2": 0.010816772044846878,
      "feature_3": 0.007395688533505029,
      "feature_4": 0.006831138105129586,
      "feature_5": 0.0028294217955766587,
      "feature_6": 0.010035891242088257,
      "feature_7": 0.004191662464060997,
      "feature_8": 0.019803019678861777,
      "feature_9": 0.01015173660548685
    },
    "max": {
      "feature_0": 0.9965448023708754,
      "feature_1": 0.9940600567704404,
      "feature_2": 0.9970032332311723,
      "feature_3": 0.997172064318084,
      "feature_4": 0.9713838677404798,
      "feature_5": 0.9815750820086564,
      "feature_6": 0.9786829362165663,
      "feature_7": 0.9789648456563733,
      "feature_8": 0.9949228750923446,
      "feature_9": 0.9994057222972046
    },
    "mean": {
      "feature_0": 0.5092140860627772,
      "feature_1": 0.49113005861487713,
      "feature_2": 0.4896818598848886,
      "feature_3": 0.47925312829725825,
      "feature_4": 0.4860216746265676,
      "feature_5": 0.4983696592408587,
      "feature_6": 0.5026811029619377,
      "feature_7": 0.5178501757040296,
      "feature_8": 0.5008910281661659,
      "feature_9": 0.5008180294142217
    },
    "std": {
      "feature_0": 0.3059811931884831,
      "feature_1": 0.272909104944775,
      "feature_2": 0.2917927202091173,
      "feature_3": 0.28368222012213257,
      "feature_4": 0.258835192564187,
      "feature_5": 0.306855550765035,
      "feature_6": 0.28060990730492935,
      "feature_7": 0.284038457801386,
      "feature_8": 0.2888659494824496,
      "feature_9": 0.2869375794249756
    }
  },
  "labels_distribution": {
    "1": 54,
    "0": 46
  }
}